URL,REDIRECT STATUS,SCREENSHOT
https://video.sibnet.ru/video3988715-12_seriya_Gleypnir___Gleipnir_russkaya_ozvuchka_MVO/,NoRedirect,WKr_1
https://video.sibnet.ru/video3990347-Gleipnir_12_VOSTFR/,NoRedirect,WKr_2
https://video.sibnet.ru/video3983413-Gleipnir_11_VOSTFR/,NoRedirect,WKr_3
https://video.sibnet.ru/video3979550-Gleipnir_10_VOSTFR/,NoRedirect,WKr_4
https://video.sibnet.ru/video3934209-animatsiya_Gl_05_VOSTFR/,NoRedirect,WKr_5
https://video.sibnet.ru/video3923143-animatsiya_Gl_04_VOSTFR/,NoRedirect,WKr_6
https://video.sibnet.ru/video3989664-Gleypnir___12/,NoRedirect,WKr_7
https://video.sibnet.ru/video3988787-_TA_E__Gleipnir___12__1080p_/,NoRedirect,WKr_8
https://video.sibnet.ru/video3982802-_TA_E__Gleipnir___11__1080p_/,NoRedirect,WKr_9
https://video.sibnet.ru/video3976119-_TA_E__Gleipnir___10__1080p_/,NoRedirect,WKr_10
https://video.sibnet.ru/video3988160-_Anime_Simatrix__Gleipnir___07/,NoRedirect,WKr_11
https://video.sibnet.ru/video3982702-Gleipnir___11__DUB_/,NoRedirect,WKr_12
https://video.sibnet.ru/video3975981-Gleipnir___10__DUB_/,NoRedirect,WKr_13
https://video.sibnet.ru/video3773318-_Anime_Kage__Slayers___10__BD_1080P_/,NoRedirect,WKr_14
https://video.sibnet.ru/video3748400-_Anime_Kage__Slayers___1__BD_1080P_/,NoRedirect,WKr_15
https://video.sibnet.ru/video3879260-_AnimeG__Goblin_Slayer___10__720p_BD_/,NoRedirect,WKr_16
https://video.sibnet.ru/video3518499-GoS_12/,NoRedirect,WKr_17
https://video.sibnet.ru/video3511820-GoS_11/,NoRedirect,WKr_18
